{
  "processResult": {
    "entities": {
      "bg_currency": "INR",
      "crl_currency": "INR",
      "currency_matched": "YES",
      "bg_amount": "4750000",
      "crl_amount": "4750000",
      "amount_matched": "YES",
      "bg_expiry_date": "NA",
      "crl_expiry_date": "31/03/2025",
      "expiry_date_matched": "NO",
      "bg_claim_expiry_date": "30/09/2025",
      "crl_claim_expiry_date": "NA",
      "claim_expiry_date_matched": "NO",
      "bg_applicant_name": "Company A",
      "crl_applicant_name": "Company A",
      "applicant_name_matched": "YES",
      "bg_beneficiary_name": "Beneficiary A",
      "crl_beneficiary_name": "Beneficiary B",
      "beneficiary_name_matched": "NO",
      "bg_issuing_bank_name": "Bank A",
      "crl_issuing_bank_name": "Bank B",
      "issuing_bank_name_matched": "NO",
      "bg_type": "Financial Guarantee",
      "crl_type": "Performance Guarantee",
      "type_matched": "NO"
    }
  },
  "bgtextHtml": "<p>This is sample BG HTML text. Clause 2: Claim payable on first demand.</p>",
  "onerous_clauses": [
    "Clause 1: The bank shall be liable for all delays.",
    "Clause 2: Claim payable on first demand.",
    "Clause 3: No limitation on liability period."
  ]
}
